Age,Department,Education,JobRole,YearsExperience,MonthlyIncome,TrainingCount,WorkLifeBalance,JobSatisfaction,OverTime,PerformanceRating
49,Operations,Masters,Operations Executive,15,95771,1,2,4,1,1
55,HR,MBA,HR Executive,31,62961,1,2,3,0,1
46,HR,Masters,HR Manager,13,57174,6,3,4,0,3
51,Sales,Bachelors,Sales Executive,24,51376,4,4,1,0,1
41,HR,MBA,HR Executive,17,67991,2,3,4,1,1
54,IT,MBA,Data Scientist,10,49399,4,2,1,0,1
56,Sales,Diploma,Sales Executive,5,39619,4,3,2,0,2
34,Finance,Bachelors,Accountant,5,76784,4,4,2,1,2
29,Operations,MBA,Operations Executive,4,79734,3,2,2,0,2
49,Sales,Bachelors,Sales Manager,7,20656,5,1,3,1,3
50,IT,Masters,Data Scientist,12,96395,2,4,4,0,1
53,Operations,MBA,Operations Manager,4,41798,4,4,4,0,3
56,Operations,MBA,Operations Manager,24,84211,6,2,4,0,3
50,IT,Diploma,Software Engineer,17,28511,1,3,1,0,1
53,Operations,MBA,Operations Manager,8,80114,4,4,3,1,3
55,Finance,Bachelors,Finance Analyst,33,40136,6,2,3,0,3
23,Operations,Diploma,Operations Manager,0,58834,4,2,3,0,1
40,Operations,Bachelors,Operations Executive,5,107818,4,2,3,1,3
27,Sales,MBA,Sales Executive,4,45513,4,2,1,1,1
50,Operations,Diploma,Operations Manager,21,117444,5,2,3,1,3
49,IT,Diploma,Data Analyst,19,73538,4,2,1,1,1
38,IT,Masters,Data Scientist,11,79883,4,2,3,1,3
54,Operations,MBA,Operations Manager,16,73026,4,3,3,1,3
52,Finance,MBA,Finance Analyst,5,110392,5,3,4,0,3
41,Operations,Masters,Operations Executive,0,97564,3,3,1,1,1
37,Sales,MBA,Sales Executive,5,60333,1,1,2,0,2
23,HR,Diploma,HR Manager,1,46388,3,2,3,0,1
47,IT,Masters,Data Scientist,10,98795,6,2,2,0,2
56,HR,Diploma,HR Executive,32,65790,1,4,4,1,1
52,HR,Masters,HR Manager,28,114707,4,2,3,1,3
46,Operations,Bachelors,Operations Manager,6,32718,4,2,1,0,1
45,Operations,Bachelors,Operations Manager,17,69298,1,1,2,1,2
28,IT,Diploma,Data Analyst,5,44323,3,1,4,1,3
53,Sales,Bachelors,Sales Executive,10,42069,4,4,3,0,3
31,HR,Diploma,HR Manager,8,104116,6,4,1,1,1
49,HR,MBA,HR Executive,23,103728,3,3,1,1,1
56,Operations,Diploma,Operations Executive,18,21601,6,2,4,0,3
28,Operations,Bachelors,Operations Manager,6,96385,2,3,3,0,1
26,Operations,Diploma,Operations Executive,3,24098,1,4,3,0,1
52,Sales,Bachelors,Sales Manager,10,22471,2,2,3,0,1
56,HR,Diploma,HR Manager,26,92235,1,2,1,0,1
29,IT,Diploma,Data Analyst,6,28835,1,4,2,1,2
25,Operations,Diploma,Operations Executive,3,95783,4,4,3,0,3
53,Finance,Bachelors,Finance Analyst,23,107289,1,2,3,1,1
22,IT,Diploma,System Analyst,0,56441,1,3,2,0,2
22,Sales,Diploma,Sales Manager,1,103257,5,4,2,0,2
35,Operations,Bachelors,Operations Executive,8,21917,2,2,3,1,1
55,IT,Bachelors,Data Scientist,7,82628,3,4,4,0,3
31,IT,Bachelors,System Analyst,7,106028,6,2,3,1,3
46,IT,Masters,System Analyst,5,81559,6,3,2,1,2
31,Operations,MBA,Operations Manager,10,61494,6,3,2,0,2
55,IT,Diploma,Data Scientist,33,26345,4,1,1,0,1
49,IT,Masters,Data Scientist,7,106415,4,1,1,0,1
41,Finance,Bachelors,Finance Analyst,5,118236,2,4,2,0,2
54,Finance,Bachelors,Accountant,31,109929,6,4,2,0,2
26,Operations,MBA,Operations Executive,5,71908,4,1,2,0,2
45,HR,Masters,HR Executive,12,102820,2,2,3,1,1
53,HR,Diploma,HR Executive,26,66604,3,1,3,1,3
51,Finance,MBA,Finance Analyst,5,35139,4,4,1,0,1
46,HR,MBA,HR Executive,17,30499,1,3,4,0,1
52,IT,MBA,System Analyst,14,71616,1,4,4,1,1
50,Sales,Masters,Sales Executive,5,49725,4,4,4,1,3
23,Operations,Bachelors,Operations Manager,2,91361,3,4,3,0,1
32,HR,MBA,HR Manager,8,23552,5,1,1,0,1
34,Sales,Diploma,Sales Executive,0,42026,4,3,1,0,1
53,IT,Diploma,Data Analyst,29,66137,1,4,3,1,1
24,HR,Masters,HR Manager,1,105696,6,2,1,1,1
57,Sales,Diploma,Sales Manager,27,111478,3,3,4,0,3
53,Finance,Masters,Finance Analyst,27,81730,3,1,2,0,2
22,Sales,Masters,Sales Executive,1,114953,1,2,2,1,2
46,Finance,Masters,Accountant,7,46558,5,1,4,0,3
27,Finance,Bachelors,Accountant,1,104843,2,2,4,1,1
49,Finance,Bachelors,Accountant,13,44908,2,3,4,0,1
55,Operations,Masters,Operations Executive,11,44800,1,4,1,0,1
33,Sales,Diploma,Sales Manager,12,81531,2,4,4,1,1
37,Finance,Masters,Accountant,1,34288,6,1,3,0,1
56,Sales,MBA,Sales Manager,23,37741,3,2,1,0,1
23,IT,MBA,System Analyst,0,98184,2,4,2,1,2
27,IT,MBA,Data Analyst,2,104993,6,3,2,0,2
25,Operations,Masters,Operations Executive,0,77355,5,4,3,1,1
51,Operations,Masters,Operations Executive,23,63611,3,1,3,1,3
38,Operations,Masters,Operations Executive,12,61066,4,4,4,0,3
57,IT,Bachelors,Data Analyst,10,20478,4,3,4,1,3
30,Sales,Masters,Sales Executive,0,27024,5,2,2,0,2
45,Sales,Diploma,Sales Manager,9,53537,1,2,3,0,1
50,Operations,Diploma,Operations Executive,25,90955,6,2,3,1,3
43,Operations,MBA,Operations Manager,14,98632,6,1,3,1,3
56,Finance,Bachelors,Finance Analyst,31,20151,3,3,4,0,3
42,Finance,Diploma,Finance Analyst,21,55898,1,3,1,0,1
37,Sales,Bachelors,Sales Manager,5,91491,6,2,1,1,1
29,Sales,MBA,Sales Executive,2,61219,1,3,4,0,1
58,IT,Bachelors,System Analyst,8,22247,5,3,2,0,2
58,Finance,Diploma,Finance Analyst,19,26249,4,2,2,1,2
48,Finance,Masters,Finance Analyst,19,94528,6,1,1,0,1
54,Finance,Diploma,Accountant,30,69889,2,3,2,1,2
31,Operations,MBA,Operations Executive,0,37272,2,3,2,0,2
50,Finance,Masters,Accountant,11,111570,1,2,2,0,2
31,IT,MBA,Data Scientist,8,99240,4,4,1,0,1
33,IT,Masters,Data Scientist,7,112712,4,3,1,1,1
26,IT,Bachelors,Data Scientist,0,66231,5,4,1,0,1
36,HR,Masters,HR Executive,13,26564,1,3,1,1,1
46,Sales,Diploma,Sales Manager,8,70872,1,1,4,0,1
39,Finance,Masters,Finance Analyst,17,24615,1,3,4,1,1
44,HR,Diploma,HR Executive,15,32305,6,3,2,1,2
54,Sales,Diploma,Sales Executive,18,34845,6,3,1,0,1
44,Sales,MBA,Sales Executive,17,22396,5,3,4,1,3
30,Sales,Diploma,Sales Executive,4,44988,3,3,3,1,3
36,Finance,Diploma,Accountant,12,90205,3,3,2,1,2
46,IT,Masters,Data Analyst,24,111838,2,2,1,0,1
33,Sales,MBA,Sales Executive,11,106502,5,1,1,0,1
57,HR,Bachelors,HR Executive,27,85074,3,1,1,0,1
46,Operations,Bachelors,Operations Executive,20,54813,1,3,1,1,1
30,HR,Diploma,HR Manager,7,106467,3,3,2,1,2
49,Finance,Bachelors,Accountant,8,38651,3,2,3,1,3
28,Finance,Bachelors,Finance Analyst,4,26526,2,4,1,0,1
29,Sales,Diploma,Sales Executive,0,27604,6,4,4,0,1
41,HR,MBA,HR Manager,1,49109,4,3,3,1,1
32,IT,Masters,Data Analyst,10,114978,2,1,1,0,1
55,Sales,Masters,Sales Manager,22,105988,1,2,2,1,2
58,Finance,Bachelors,Finance Analyst,25,108491,4,3,4,1,3
24,Sales,Diploma,Sales Manager,0,119051,6,4,4,0,1
24,Finance,Bachelors,Accountant,3,97645,2,1,2,0,2
45,Operations,Bachelors,Operations Executive,19,41061,6,1,4,0,3
37,Finance,Bachelors,Accountant,15,33166,1,2,2,0,2
24,IT,MBA,System Analyst,0,32330,1,1,1,1,1
28,IT,Masters,Data Analyst,3,34556,6,3,2,1,2
49,HR,Diploma,HR Executive,6,89925,4,4,3,1,3
38,Sales,MBA,Sales Executive,16,53455,1,4,4,1,1
32,IT,Bachelors,Data Scientist,5,38466,1,1,4,1,1
43,HR,MBA,HR Executive,8,76694,4,1,3,1,3
40,HR,Bachelors,HR Executive,7,59754,2,1,2,0,2
38,IT,Masters,Software Engineer,8,81601,1,3,1,1,1
48,IT,Diploma,System Analyst,13,75215,5,1,3,1,3
49,Operations,MBA,Operations Executive,17,95301,5,1,4,0,3
46,Operations,Masters,Operations Executive,25,30040,3,1,2,1,2
28,Sales,MBA,Sales Executive,6,75906,3,2,4,0,3
51,IT,MBA,Software Engineer,15,62835,3,2,1,0,1
38,Sales,MBA,Sales Manager,4,37370,4,3,1,1,1
52,Operations,Bachelors,Operations Manager,0,94402,3,2,3,0,1
26,Operations,Masters,Operations Executive,1,32131,4,3,3,1,1
32,IT,Masters,Data Scientist,11,32517,6,1,3,0,3
58,Operations,MBA,Operations Manager,23,37813,4,1,3,1,3
27,Finance,Bachelors,Accountant,4,67098,4,4,3,1,3
24,Sales,Masters,Sales Executive,1,69892,1,1,1,0,1
22,Finance,Diploma,Finance Analyst,1,75217,1,1,3,1,1
49,HR,MBA,HR Manager,5,88404,5,1,2,1,2
33,Finance,Diploma,Finance Analyst,8,29984,1,1,1,0,1
42,IT,Bachelors,System Analyst,18,115795,3,4,3,0,3
50,Sales,Masters,Sales Manager,14,75786,4,4,2,1,2
30,Operations,Diploma,Operations Executive,2,24059,6,3,2,0,2
47,HR,Diploma,HR Executive,3,79324,2,1,4,0,1
37,IT,MBA,Data Analyst,12,63910,1,4,1,0,1
51,Finance,Masters,Finance Analyst,27,87437,4,3,4,1,3
56,Operations,Masters,Operations Manager,4,48562,2,3,2,0,2
49,Sales,Bachelors,Sales Executive,4,79472,4,1,4,1,3
32,HR,Bachelors,HR Executive,3,75115,6,4,4,1,3
50,Finance,Diploma,Finance Analyst,13,97550,1,4,1,1,1
47,IT,MBA,Software Engineer,13,91736,1,2,4,0,1
50,Operations,Diploma,Operations Executive,4,110843,3,4,1,1,1
52,Finance,MBA,Finance Analyst,29,79691,6,1,2,0,2
52,HR,MBA,HR Executive,28,43401,3,3,4,1,3
39,Sales,Diploma,Sales Executive,1,74880,3,1,3,1,1
37,Finance,Masters,Accountant,11,49002,5,1,4,0,3
30,HR,MBA,HR Manager,8,56696,1,2,3,1,1
24,HR,Diploma,HR Manager,3,94796,5,2,4,0,3
39,HR,MBA,HR Manager,16,106441,1,1,1,1,1
25,IT,Masters,Software Engineer,0,33078,3,3,4,0,1
29,Finance,Bachelors,Finance Analyst,8,90292,2,2,2,0,2
28,Operations,Masters,Operations Manager,7,62322,3,1,4,0,3
37,Sales,MBA,Sales Executive,3,94903,5,3,4,0,3
49,HR,MBA,HR Executive,19,65668,2,4,2,1,2
58,IT,Masters,System Analyst,29,96495,6,3,3,0,3
52,Finance,Masters,Finance Analyst,30,79385,6,4,1,0,1
49,HR,MBA,HR Executive,3,73281,5,4,3,1,3
29,IT,Masters,Data Scientist,6,30379,3,2,4,0,3
22,HR,Masters,HR Executive,1,99713,1,2,4,1,1
28,Sales,Masters,Sales Manager,0,62189,3,4,3,1,1
47,Finance,MBA,Accountant,11,80926,1,2,3,1,1
41,IT,Masters,Data Scientist,0,110990,5,4,1,1,1
39,Operations,MBA,Operations Manager,11,112231,1,1,4,1,1
32,HR,MBA,HR Executive,11,118019,2,4,2,1,2
29,HR,MBA,HR Manager,1,93109,1,4,2,1,2
33,Finance,Bachelors,Accountant,10,42181,4,4,3,1,3
41,Operations,Diploma,Operations Manager,3,95462,2,4,3,1,1
33,Sales,Masters,Sales Executive,7,26535,4,1,2,1,2
52,IT,Masters,System Analyst,11,103359,4,3,3,0,3
24,IT,Diploma,Software Engineer,2,42122,6,3,3,0,1
58,Finance,Masters,Finance Analyst,26,94619,5,3,2,0,2
57,Sales,Masters,Sales Executive,17,118094,6,4,1,0,1
53,Operations,Masters,Operations Manager,27,56018,1,4,3,1,1
46,Operations,Masters,Operations Executive,10,42131,6,1,2,0,2
47,Operations,Masters,Operations Manager,11,77521,5,1,1,0,1
33,HR,Masters,HR Executive,2,87976,3,4,3,1,1
32,IT,Masters,System Analyst,5,32906,3,3,4,1,3
22,Operations,Masters,Operations Executive,1,104828,6,2,2,0,2
49,Operations,Masters,Operations Manager,0,84888,3,4,3,1,1
57,HR,Bachelors,HR Manager,3,29639,6,2,1,0,1
27,Finance,Bachelors,Accountant,4,57434,4,4,2,0,2
37,IT,Diploma,Data Analyst,0,96491,6,4,3,0,1
29,Sales,Diploma,Sales Executive,5,40678,6,2,4,1,3
41,IT,MBA,Software Engineer,10,88615,6,1,1,1,1
40,Finance,Diploma,Accountant,14,88264,4,1,2,1,2
25,IT,MBA,Software Engineer,2,77873,5,4,2,0,2
41,HR,MBA,HR Executive,13,97565,1,4,1,1,1
54,IT,MBA,Data Analyst,27,115888,2,4,2,1,2
38,Sales,Bachelors,Sales Executive,11,91539,6,2,3,0,3
23,HR,MBA,HR Manager,1,48266,5,4,2,0,2
27,HR,Diploma,HR Manager,6,52639,2,4,4,0,1
33,Operations,Masters,Operations Manager,2,33484,6,4,2,0,2
55,IT,Diploma,Data Analyst,19,100816,5,3,1,0,1
30,Operations,MBA,Operations Executive,2,86711,3,2,4,1,1
30,Operations,Bachelors,Operations Manager,7,67105,6,3,1,0,1
57,IT,Diploma,Software Engineer,14,69774,4,3,4,0,3
50,Sales,MBA,Sales Executive,2,47136,1,3,1,0,1
34,Finance,MBA,Accountant,12,114620,2,1,1,0,1
39,Operations,MBA,Operations Manager,2,50948,1,2,1,0,1
42,Finance,Diploma,Finance Analyst,8,95090,5,1,1,0,1
58,Finance,Bachelors,Finance Analyst,3,66337,5,4,4,1,3
30,HR,Diploma,HR Executive,9,33951,4,3,3,0,3
48,Finance,Masters,Finance Analyst,21,53516,5,2,1,0,1
58,Operations,Masters,Operations Manager,29,36326,4,4,1,0,1
22,Finance,Diploma,Accountant,0,94667,2,3,2,1,2
56,Sales,MBA,Sales Executive,31,61046,3,2,1,1,1
47,Finance,Bachelors,Accountant,8,99593,5,4,3,1,3
28,Sales,Bachelors,Sales Manager,1,51780,5,2,2,0,2
50,HR,MBA,HR Executive,28,62800,4,3,4,1,3
45,Operations,MBA,Operations Executive,4,95139,1,4,4,1,1
39,Sales,Masters,Sales Executive,16,89922,6,1,1,0,1
30,IT,Bachelors,System Analyst,1,33463,3,2,2,1,2
35,Operations,MBA,Operations Manager,12,119674,4,3,2,0,2
44,Finance,Diploma,Accountant,10,55406,2,2,4,1,1
39,Sales,MBA,Sales Executive,9,37672,1,4,4,1,1
55,Finance,Diploma,Finance Analyst,14,70394,1,1,2,1,2
28,Sales,Masters,Sales Manager,3,32556,2,2,4,0,1
57,HR,Bachelors,HR Manager,14,51639,3,4,3,0,3
39,Sales,Masters,Sales Executive,2,68077,1,4,1,0,1
41,Finance,Masters,Accountant,8,91812,2,1,3,1,1
33,Finance,Bachelors,Accountant,7,73037,4,3,2,1,2
22,Operations,Masters,Operations Manager,0,40774,2,3,3,0,1
22,Finance,Diploma,Accountant,0,48975,3,4,2,0,2
23,IT,Masters,Data Analyst,1,65984,1,3,4,1,1
40,IT,Diploma,Data Analyst,12,71040,6,4,2,0,2
36,Sales,Diploma,Sales Manager,4,119054,4,4,2,0,2
41,Operations,Masters,Operations Executive,2,51656,6,2,4,0,1
53,Finance,MBA,Accountant,26,45527,1,3,2,1,2
36,Sales,Bachelors,Sales Manager,13,49134,1,2,2,1,2
22,Finance,Bachelors,Accountant,0,108773,4,3,1,1,1
34,Operations,Bachelors,Operations Manager,2,87091,2,4,4,1,1
22,Finance,Bachelors,Finance Analyst,0,53195,2,3,3,0,1
47,IT,MBA,Software Engineer,12,97169,3,1,4,0,3
48,IT,Bachelors,Data Scientist,12,95504,2,4,1,1,1
48,IT,Bachelors,Data Analyst,16,99116,1,1,4,0,1
42,Sales,Diploma,Sales Manager,7,62624,5,1,1,1,1
45,Sales,Diploma,Sales Manager,17,98717,2,4,3,0,1
45,HR,Bachelors,HR Executive,17,43256,5,3,2,1,2
41,IT,Diploma,Data Analyst,1,36064,4,1,4,0,1
32,Finance,Masters,Finance Analyst,2,25544,2,2,2,0,2
40,IT,MBA,System Analyst,8,67146,2,4,3,0,1
36,Operations,Masters,Operations Manager,13,101010,6,2,2,1,2
30,HR,MBA,HR Manager,2,75188,2,1,1,0,1
53,Operations,Masters,Operations Manager,23,67630,3,3,3,0,3
48,Sales,Masters,Sales Manager,26,45947,4,2,1,0,1
28,HR,MBA,HR Manager,1,92879,6,4,3,1,1
24,IT,Bachelors,Data Analyst,3,38472,1,3,1,0,1
27,IT,MBA,Data Analyst,6,25326,4,1,4,1,3
40,Finance,Diploma,Finance Analyst,15,25800,2,1,2,1,2
28,IT,MBA,System Analyst,3,108051,6,1,2,0,2
50,HR,MBA,HR Executive,20,59855,3,4,3,1,3
33,Sales,Diploma,Sales Executive,1,100356,4,3,3,0,1
23,Finance,Masters,Accountant,0,109564,5,4,1,0,1
24,IT,Masters,Software Engineer,2,94471,2,3,2,1,2
32,HR,MBA,HR Executive,2,62587,3,2,1,1,1
46,Finance,MBA,Accountant,17,32863,2,1,1,1,1
49,HR,Masters,HR Manager,3,77247,1,1,3,1,1
55,Sales,Bachelors,Sales Manager,26,84291,3,4,2,1,2
46,Finance,Masters,Accountant,15,102203,3,4,2,1,2
53,Operations,Bachelors,Operations Manager,1,83697,4,2,3,0,1
40,Finance,Masters,Finance Analyst,19,60543,2,4,2,1,2
28,Sales,MBA,Sales Executive,3,84576,6,2,4,0,3
55,HR,Bachelors,HR Executive,22,42102,2,2,2,0,2
56,Operations,MBA,Operations Manager,7,68257,6,2,3,1,3
40,Operations,MBA,Operations Manager,19,60780,6,1,2,1,2
55,Finance,Masters,Accountant,4,73311,2,4,3,0,1
43,HR,Masters,HR Executive,10,26622,2,4,3,0,1
42,HR,MBA,HR Executive,20,30300,1,2,4,0,1
52,Sales,Bachelors,Sales Manager,12,79508,4,4,4,1,3
37,Operations,Bachelors,Operations Executive,4,50692,4,2,4,1,3
43,Finance,Diploma,Accountant,21,103879,1,3,3,0,1
26,HR,MBA,HR Manager,0,32429,5,1,2,0,2
47,Sales,Diploma,Sales Manager,12,26633,4,2,1,0,1
43,IT,Diploma,Data Analyst,13,74068,2,4,4,0,1
44,IT,Masters,Data Scientist,4,88345,2,4,2,1,2
41,IT,MBA,System Analyst,10,54097,2,3,1,0,1
40,Sales,MBA,Sales Manager,13,95628,6,3,3,1,3
51,IT,Diploma,Data Scientist,12,105056,6,2,1,0,1
55,HR,Masters,HR Executive,29,32277,1,2,4,1,1
45,HR,MBA,HR Executive,18,31043,4,4,2,0,2
56,IT,MBA,System Analyst,5,35266,4,1,1,1,1
39,HR,Diploma,HR Executive,5,37211,1,1,4,1,1
22,Operations,Bachelors,Operations Executive,0,43311,5,3,2,0,2
25,IT,Bachelors,Data Analyst,4,94311,3,3,1,0,1
42,Operations,Diploma,Operations Manager,3,117966,5,2,3,0,3
46,Finance,Bachelors,Accountant,6,60499,2,2,2,0,2
43,IT,Masters,Data Scientist,6,57180,4,4,3,0,3
31,IT,Bachelors,Software Engineer,3,82206,3,2,3,0,3
58,Finance,Bachelors,Accountant,26,66180,3,1,4,1,3
39,Operations,Bachelors,Operations Executive,7,119620,3,2,1,0,1
41,Sales,MBA,Sales Executive,12,114176,3,1,1,1,1
23,Sales,MBA,Sales Executive,0,38844,6,4,2,0,2
58,Finance,MBA,Accountant,17,58534,5,1,4,0,3
23,Operations,Bachelors,Operations Manager,1,55378,3,3,1,1,1
27,Operations,Masters,Operations Executive,1,88387,6,2,3,1,1
29,IT,Diploma,Data Scientist,4,115143,1,2,3,0,1
53,HR,Masters,HR Executive,27,45830,4,3,4,0,3
31,IT,Masters,Data Analyst,3,33600,4,3,3,0,3
56,IT,Diploma,System Analyst,12,119431,3,2,3,0,3
51,HR,Masters,HR Executive,12,108603,6,3,1,1,1
22,Finance,Bachelors,Finance Analyst,1,53673,6,3,3,0,1
49,Finance,Masters,Finance Analyst,23,60555,4,2,4,0,3
55,Sales,Diploma,Sales Manager,16,53580,6,1,4,1,3
31,HR,Masters,HR Manager,4,87611,1,3,3,0,1
45,Finance,MBA,Accountant,23,108057,3,3,1,1,1
41,Finance,Bachelors,Finance Analyst,9,88275,4,3,1,1,1
29,HR,Diploma,HR Manager,0,105097,6,3,4,1,1
43,Operations,Masters,Operations Executive,8,68881,6,1,2,1,2
26,IT,Bachelors,Data Scientist,1,65243,5,2,4,1,1
51,Operations,MBA,Operations Manager,1,98838,6,2,4,0,1
45,Sales,MBA,Sales Executive,10,31244,6,2,2,1,2
41,IT,Bachelors,Data Scientist,1,99515,4,2,4,0,1
51,IT,MBA,Data Analyst,22,118529,5,3,4,0,3
36,Sales,Masters,Sales Executive,15,92634,4,2,4,1,3
22,Finance,Masters,Accountant,1,58113,3,4,4,0,1
43,Operations,Diploma,Operations Executive,15,110643,2,4,2,0,2
54,Sales,Masters,Sales Manager,22,99086,1,3,1,1,1
58,Sales,Masters,Sales Manager,13,88720,2,1,4,1,1
25,Operations,MBA,Operations Manager,0,32572,4,4,1,0,1
34,Operations,MBA,Operations Manager,10,52446,1,1,2,0,2
45,Finance,MBA,Finance Analyst,15,21100,3,3,2,0,2
29,Operations,Masters,Operations Executive,1,32613,4,1,3,1,1
23,Finance,Masters,Accountant,2,93371,4,2,2,0,2
30,IT,MBA,System Analyst,1,44671,5,4,2,0,2
55,Operations,Diploma,Operations Executive,24,73414,5,3,2,1,2
58,IT,Masters,Software Engineer,3,48061,4,3,1,1,1
24,Sales,Masters,Sales Manager,3,27760,5,1,4,1,3
55,Sales,Bachelors,Sales Manager,24,76014,4,3,3,1,3
27,HR,Diploma,HR Manager,4,114013,6,4,2,1,2
58,IT,Bachelors,System Analyst,0,20210,4,1,2,0,2
54,IT,Bachelors,Software Engineer,32,81561,4,4,4,1,3
52,Finance,Masters,Accountant,17,29223,2,1,1,1,1
49,Operations,MBA,Operations Manager,10,64442,3,2,2,1,2
52,HR,Masters,HR Manager,25,21973,5,4,4,0,3
42,Finance,Diploma,Finance Analyst,16,59598,3,3,4,1,3
26,Finance,Diploma,Finance Analyst,5,45823,3,2,2,1,2
51,Finance,Masters,Accountant,1,43114,3,1,1,0,1
24,Sales,Masters,Sales Manager,0,95216,4,3,1,0,1
29,Operations,Bachelors,Operations Manager,5,56105,1,2,3,1,1
28,HR,Masters,HR Manager,3,89117,6,1,3,0,3
44,HR,MBA,HR Executive,16,89087,1,4,1,1,1
31,Finance,Masters,Finance Analyst,7,27924,5,3,4,1,3
34,HR,Bachelors,HR Manager,3,74297,4,2,3,0,3
58,IT,Bachelors,Data Scientist,6,100262,3,3,4,0,3
29,HR,Masters,HR Executive,2,107911,3,4,4,0,1
53,Finance,Bachelors,Finance Analyst,22,57491,4,2,4,0,3
39,Sales,Bachelors,Sales Manager,1,109117,3,1,4,0,1
42,IT,Bachelors,Data Analyst,20,29876,1,1,3,1,1
42,HR,Masters,HR Manager,12,64494,2,1,1,0,1
46,Sales,Diploma,Sales Manager,11,113387,6,1,3,1,3
45,Finance,Bachelors,Finance Analyst,24,65076,4,1,4,0,3
39,IT,Masters,System Analyst,6,70963,2,4,4,0,1
37,Finance,Masters,Finance Analyst,8,117165,5,1,3,1,3
46,Sales,Masters,Sales Manager,2,26090,5,3,4,0,1
56,Sales,Masters,Sales Manager,28,100567,6,3,1,1,1
35,Operations,MBA,Operations Manager,0,105637,5,1,1,0,1
45,Sales,Masters,Sales Executive,22,74660,6,1,2,0,2
31,HR,MBA,HR Executive,8,58019,1,2,2,1,2
26,Finance,Masters,Finance Analyst,3,90291,3,2,2,0,2
56,Sales,Diploma,Sales Manager,15,57775,4,4,2,0,2
33,Sales,Diploma,Sales Executive,0,44575,4,4,4,1,1
37,Finance,Bachelors,Finance Analyst,7,119291,4,4,2,0,2
42,IT,Masters,Data Analyst,1,91963,2,3,3,0,1
31,Sales,MBA,Sales Executive,4,77862,6,4,1,1,1
30,IT,Masters,Data Scientist,6,106348,5,3,2,1,2
44,IT,MBA,System Analyst,1,110173,2,1,4,1,1
44,HR,MBA,HR Executive,22,27637,2,3,3,1,1
34,Sales,Diploma,Sales Executive,2,20125,3,3,3,1,1
37,Finance,MBA,Finance Analyst,3,22975,6,1,1,0,1
37,Operations,MBA,Operations Manager,6,39219,1,2,4,0,1
22,Operations,MBA,Operations Manager,1,109067,2,2,4,0,1
29,Sales,MBA,Sales Executive,1,21544,1,3,3,1,1
24,IT,Masters,Software Engineer,2,99572,4,1,4,0,1
54,HR,MBA,HR Executive,32,109686,2,3,2,0,2
45,IT,MBA,Software Engineer,2,49225,2,3,4,0,1
52,Operations,Bachelors,Operations Executive,3,57029,1,3,1,0,1
22,Operations,Diploma,Operations Manager,0,66978,1,3,1,0,1
28,IT,MBA,Data Analyst,3,104880,2,3,3,0,1
46,HR,Masters,HR Executive,3,83687,6,2,4,0,3
57,Finance,Diploma,Accountant,31,64122,5,2,2,1,2
41,Sales,Masters,Sales Executive,17,87502,3,3,2,0,2
22,Sales,Diploma,Sales Manager,0,57534,1,1,2,1,2
39,IT,MBA,Data Scientist,0,116407,6,1,4,1,1
37,HR,Masters,HR Manager,16,29689,1,4,3,0,1
47,IT,Diploma,Data Scientist,21,48633,2,4,2,0,2
28,HR,MBA,HR Executive,1,54823,2,3,4,0,1
44,Sales,Bachelors,Sales Manager,7,105500,3,2,4,0,3
56,Operations,Masters,Operations Manager,8,75024,1,1,4,0,1
22,Sales,Masters,Sales Manager,0,52829,1,2,1,1,1
42,Operations,Masters,Operations Manager,21,74303,6,3,1,1,1
52,IT,Diploma,System Analyst,10,49450,5,3,4,1,3
25,IT,MBA,Data Analyst,2,52153,4,1,2,1,2
24,Operations,Masters,Operations Manager,3,55382,4,1,3,1,3
39,IT,MBA,System Analyst,14,56178,3,4,4,1,3
43,Operations,Masters,Operations Executive,22,67038,5,2,2,0,2
23,Operations,Bachelors,Operations Executive,2,54065,4,3,3,1,1
49,Operations,Bachelors,Operations Manager,15,58564,6,3,4,0,3
26,Finance,Masters,Accountant,3,58288,3,2,3,0,3
47,Operations,Bachelors,Operations Executive,23,89582,6,4,2,1,2
44,Sales,MBA,Sales Manager,20,38570,2,4,4,1,1
43,Operations,Bachelors,Operations Manager,19,72160,3,3,3,1,3
43,Sales,MBA,Sales Manager,9,59070,1,4,4,1,1
27,Sales,Masters,Sales Manager,2,65977,6,1,1,0,1
51,IT,MBA,Software Engineer,9,89860,3,2,2,1,2
45,Sales,MBA,Sales Manager,13,47704,3,3,3,0,3
32,Operations,Bachelors,Operations Executive,11,66306,2,3,4,0,1
27,Finance,Bachelors,Accountant,3,65917,5,2,1,0,1
45,IT,Bachelors,Software Engineer,12,76754,1,4,3,1,1
22,Finance,Bachelors,Accountant,1,41485,3,2,4,0,1
45,IT,Masters,Data Analyst,23,107858,6,2,1,0,1
40,Sales,Masters,Sales Executive,2,110824,2,4,4,1,1
22,IT,Bachelors,System Analyst,1,48905,1,3,3,1,1
47,Sales,Diploma,Sales Executive,24,100550,5,3,2,1,2
49,HR,Bachelors,HR Executive,2,101393,5,3,2,0,2
46,Sales,Diploma,Sales Manager,0,30874,4,3,2,1,2
52,Finance,Bachelors,Finance Analyst,11,117751,6,2,2,0,2
32,HR,Masters,HR Executive,0,54042,1,1,3,1,1
41,IT,Bachelors,Data Scientist,8,65543,5,1,4,1,3
55,IT,Diploma,Data Scientist,31,42668,5,1,2,1,2
34,Finance,Bachelors,Accountant,5,108109,5,1,3,1,3
39,Finance,Diploma,Accountant,6,33454,2,1,2,1,2
26,Operations,Masters,Operations Executive,2,88277,6,2,1,0,1
58,HR,MBA,HR Executive,14,82351,4,2,3,1,3
45,Finance,Bachelors,Finance Analyst,13,115563,3,3,2,0,2
29,Operations,Diploma,Operations Manager,7,58948,2,4,3,0,1
58,Finance,Diploma,Finance Analyst,32,34721,2,2,2,0,2
51,IT,Diploma,Software Engineer,9,28106,5,1,1,1,1
43,Operations,MBA,Operations Manager,18,65934,6,4,2,1,2
28,Finance,MBA,Accountant,4,27006,6,1,2,1,2
38,IT,MBA,Data Analyst,16,119146,6,1,3,1,3
27,HR,Masters,HR Manager,6,110012,3,3,3,0,3
30,Sales,Bachelors,Sales Manager,8,92925,6,2,4,1,3
53,Sales,MBA,Sales Manager,30,22610,3,2,4,0,3
58,HR,Bachelors,HR Executive,30,66213,5,4,1,1,1
53,Finance,MBA,Finance Analyst,2,48394,1,2,2,0,2
46,Operations,MBA,Operations Executive,20,103337,6,2,2,1,2
46,HR,Bachelors,HR Manager,14,71593,5,4,2,1,2
50,IT,Bachelors,Software Engineer,29,56909,1,1,2,1,2
52,IT,Diploma,System Analyst,20,92568,2,2,2,1,2
27,Sales,Masters,Sales Executive,4,70441,1,3,4,0,1
57,Finance,Masters,Accountant,1,104342,2,2,4,0,1
34,Operations,MBA,Operations Executive,12,62586,6,4,3,0,3
46,Operations,Masters,Operations Executive,23,32912,2,2,2,1,2
23,Sales,Diploma,Sales Manager,2,119307,4,4,1,1,1
24,IT,Masters,Software Engineer,2,109590,4,2,4,0,1
55,Sales,Diploma,Sales Manager,1,112010,2,4,2,1,2
44,Sales,Masters,Sales Executive,17,40927,1,3,1,0,1
55,Operations,Masters,Operations Executive,16,101327,2,1,4,0,1
54,IT,Diploma,Data Scientist,17,92373,4,1,3,1,3
55,Operations,Masters,Operations Manager,33,37802,6,2,4,1,3
27,Finance,Bachelors,Accountant,0,52534,6,4,3,0,1
41,Finance,Diploma,Finance Analyst,0,46218,5,3,1,1,1
53,Sales,MBA,Sales Executive,29,65205,6,1,2,0,2
34,Sales,Diploma,Sales Executive,5,30058,1,2,1,1,1
31,Finance,MBA,Finance Analyst,9,72582,1,1,3,0,1
42,Sales,MBA,Sales Manager,10,24471,6,1,2,0,2
39,IT,Diploma,Data Scientist,8,49578,3,1,3,0,3
57,Operations,Masters,Operations Manager,25,113486,2,2,2,0,2
26,Operations,Diploma,Operations Executive,5,58243,4,1,4,1,3
50,IT,Masters,System Analyst,14,101997,5,3,4,0,3
23,HR,Bachelors,HR Manager,2,62556,1,3,4,0,1
44,Finance,Diploma,Accountant,3,77321,3,2,2,0,2
27,HR,Diploma,HR Manager,1,73349,5,1,4,0,1
54,Finance,Masters,Accountant,20,51501,5,4,1,0,1
49,Finance,MBA,Accountant,27,115186,2,3,2,0,2
37,Sales,Bachelors,Sales Manager,4,103628,3,3,3,1,3
36,IT,Bachelors,Software Engineer,12,78989,3,3,2,0,2
57,Sales,MBA,Sales Executive,33,24167,6,3,3,1,3
37,Operations,Masters,Operations Executive,10,35574,5,3,3,0,3
27,IT,Masters,System Analyst,6,91672,2,3,1,1,1
38,Operations,Masters,Operations Executive,16,28856,5,3,2,1,2
48,Operations,Masters,Operations Manager,20,110839,6,1,4,1,3
56,HR,MBA,HR Executive,24,49798,2,4,4,1,1
45,Finance,Masters,Finance Analyst,14,100664,3,2,4,1,3
37,Operations,Bachelors,Operations Executive,2,90446,2,2,2,1,2
30,HR,MBA,HR Executive,5,61286,6,4,1,0,1
27,HR,Bachelors,HR Executive,0,95066,6,1,4,1,1
27,HR,Bachelors,HR Manager,2,116935,1,3,4,0,1
25,Operations,Diploma,Operations Manager,2,55818,2,3,2,1,2
46,HR,Masters,HR Manager,2,85782,1,2,2,1,2
49,HR,Bachelors,HR Manager,11,91025,2,2,4,0,1
50,Finance,Diploma,Finance Analyst,20,56360,5,1,2,1,2
56,HR,Diploma,HR Manager,0,65602,3,4,2,0,2
25,HR,Bachelors,HR Executive,1,28135,5,3,1,1,1
29,Sales,MBA,Sales Executive,7,93940,6,2,1,0,1
33,Finance,Masters,Finance Analyst,5,22438,5,4,3,1,3
54,Sales,Masters,Sales Manager,8,30738,3,3,1,0,1
33,Operations,Diploma,Operations Manager,10,111312,4,3,2,1,2
46,IT,Diploma,Data Scientist,12,47155,1,2,3,1,1
44,Operations,Bachelors,Operations Manager,16,70116,6,4,4,0,3
48,HR,Bachelors,HR Executive,9,56814,3,1,4,1,3
26,Operations,Masters,Operations Manager,2,35991,4,4,1,1,1
51,Operations,Bachelors,Operations Manager,17,22751,1,1,3,1,1
36,HR,Masters,HR Executive,3,36388,5,4,1,1,1
52,Finance,MBA,Accountant,25,100025,5,1,1,0,1
25,Finance,Bachelors,Accountant,1,96833,5,2,4,1,1
23,Operations,MBA,Operations Executive,1,105865,4,2,4,0,1
29,IT,Masters,Data Scientist,6,35442,1,4,4,1,1
26,IT,MBA,Software Engineer,3,42376,2,2,2,0,2
32,Operations,MBA,Operations Manager,2,64947,2,4,4,1,1
46,IT,Bachelors,Software Engineer,8,112948,6,1,3,0,3
49,Operations,MBA,Operations Manager,3,95802,3,1,1,1,1
36,Sales,MBA,Sales Manager,0,29766,3,3,3,0,1
41,Operations,Diploma,Operations Executive,10,87642,2,1,4,0,1
28,Finance,Bachelors,Accountant,7,107509,5,3,4,0,3
38,Sales,MBA,Sales Executive,14,81739,3,2,1,0,1
48,Operations,MBA,Operations Executive,15,102396,3,1,2,1,2
41,Sales,Bachelors,Sales Manager,20,58134,2,3,2,0,2
22,Operations,Diploma,Operations Manager,1,21430,3,3,3,1,1
50,IT,Bachelors,Software Engineer,7,101929,2,2,4,0,1
37,Sales,Bachelors,Sales Executive,13,43889,5,1,3,1,3
32,Operations,MBA,Operations Executive,8,53530,6,3,4,1,3
45,Sales,Bachelors,Sales Manager,17,90706,4,3,3,0,3
44,Finance,MBA,Finance Analyst,22,66784,2,4,1,1,1
57,HR,MBA,HR Manager,22,112105,5,4,2,1,2
43,IT,Masters,Data Analyst,11,30803,2,1,1,1,1
24,HR,Diploma,HR Manager,1,58872,4,2,3,1,1
56,IT,MBA,Data Scientist,35,53996,3,1,1,0,1
32,Sales,Masters,Sales Manager,1,26371,2,1,3,0,1
54,HR,Masters,HR Executive,24,28658,3,3,4,0,3
32,IT,Diploma,System Analyst,10,113601,6,2,3,0,3
33,Operations,Bachelors,Operations Manager,5,89497,4,3,4,1,3
24,HR,MBA,HR Executive,2,59857,5,1,3,0,1
42,Operations,Bachelors,Operations Executive,12,117583,3,4,3,0,3
47,Finance,Bachelors,Finance Analyst,16,54073,6,2,3,1,3
38,Operations,Masters,Operations Executive,9,86704,2,3,2,0,2
27,Operations,Diploma,Operations Executive,1,87772,6,4,2,1,2
38,Operations,Masters,Operations Manager,7,57470,4,4,3,1,3
25,IT,Bachelors,System Analyst,3,115765,1,3,2,0,2
56,Operations,Masters,Operations Executive,32,28064,1,1,4,0,1
47,Finance,Bachelors,Finance Analyst,0,54549,5,1,3,0,1
37,IT,Bachelors,Data Scientist,12,33523,5,3,4,1,3
42,Sales,Masters,Sales Executive,10,97554,5,2,1,1,1
28,Finance,Bachelors,Finance Analyst,1,77198,2,4,3,0,1
53,Sales,MBA,Sales Manager,14,114567,2,4,2,0,2
29,IT,Masters,System Analyst,8,36643,3,4,3,0,3
56,IT,MBA,Software Engineer,9,26762,4,1,3,0,3
38,Sales,Masters,Sales Executive,2,117581,5,2,2,1,2
24,Finance,Bachelors,Finance Analyst,3,25525,1,3,3,1,1
55,Sales,Bachelors,Sales Executive,20,77482,3,3,3,0,3
25,HR,MBA,HR Executive,0,30348,3,1,3,1,1
53,Operations,Masters,Operations Manager,19,92761,3,4,4,1,3
30,Operations,Masters,Operations Manager,2,76115,2,1,2,0,2
35,Sales,Bachelors,Sales Executive,4,35959,4,4,2,0,2
42,IT,Bachelors,Data Scientist,0,103754,5,4,3,0,1
33,IT,MBA,Software Engineer,10,76414,2,2,3,1,1
33,Sales,Masters,Sales Manager,2,105498,4,3,1,0,1
45,Finance,Diploma,Finance Analyst,2,79328,1,4,2,1,2
39,Finance,Masters,Finance Analyst,3,97267,3,2,4,1,3
44,HR,Diploma,HR Executive,18,29877,4,4,2,0,2
58,Sales,MBA,Sales Manager,6,87969,2,2,2,0,2
56,Sales,Bachelors,Sales Executive,13,47448,4,4,1,1,1
32,HR,Diploma,HR Executive,10,24986,2,3,4,1,1
49,HR,Diploma,HR Executive,1,72210,2,1,2,0,2
57,IT,Diploma,Data Analyst,26,20933,2,3,2,0,2
24,Operations,Bachelors,Operations Executive,3,96264,5,1,4,0,3
47,Sales,Bachelors,Sales Executive,4,20665,2,4,3,1,1
43,HR,MBA,HR Executive,10,87654,5,4,4,0,3
22,IT,MBA,System Analyst,0,30752,4,3,4,0,1
24,HR,Diploma,HR Executive,3,64421,6,2,3,0,3
29,Sales,Bachelors,Sales Manager,1,119031,3,3,4,1,1
49,Operations,MBA,Operations Executive,11,56433,1,4,1,1,1
37,IT,Masters,Data Scientist,14,74501,5,4,4,1,3
37,Operations,Diploma,Operations Manager,13,66181,5,3,2,0,2
24,Operations,MBA,Operations Manager,2,99280,4,1,3,1,1
49,Finance,Diploma,Accountant,28,37117,5,2,2,1,2
23,IT,Bachelors,Data Analyst,2,88936,5,2,2,1,2
35,Finance,Masters,Finance Analyst,10,104096,4,4,4,0,3
25,IT,Masters,Data Analyst,2,94947,3,2,1,1,1
56,Operations,MBA,Operations Executive,8,35943,5,1,3,0,3
27,Sales,Bachelors,Sales Executive,2,110698,5,3,1,0,1
28,Operations,Masters,Operations Executive,6,86572,5,4,4,1,3
40,Sales,Diploma,Sales Executive,4,114406,4,4,4,0,3
42,IT,MBA,Data Scientist,2,62142,3,2,3,0,1
36,HR,Masters,HR Manager,15,23503,6,1,4,1,3
46,Operations,Masters,Operations Executive,17,37295,3,3,3,0,3
52,IT,Bachelors,Data Scientist,24,66644,1,4,1,1,1
57,IT,Diploma,Data Analyst,23,45913,3,1,3,0,3
57,Sales,Masters,Sales Manager,31,91349,2,3,3,0,1
37,HR,MBA,HR Executive,15,58875,2,1,4,0,1
58,Finance,MBA,Accountant,23,66863,3,1,2,1,2
36,HR,Bachelors,HR Executive,5,21605,4,4,2,1,2
24,Sales,MBA,Sales Manager,0,36767,1,1,1,0,1
23,IT,MBA,Data Scientist,0,112030,3,2,3,1,1
56,IT,Masters,Data Analyst,11,51426,3,2,4,0,3
28,IT,Bachelors,Data Scientist,7,32882,2,1,3,1,1
39,Finance,Masters,Accountant,7,40346,5,4,3,0,3
47,IT,MBA,Data Scientist,7,74573,6,3,2,1,2
49,HR,Bachelors,HR Executive,16,74327,4,3,4,0,3
35,Operations,Diploma,Operations Manager,12,105164,6,3,3,0,3
25,Finance,MBA,Finance Analyst,4,96435,3,1,1,1,1
36,IT,Bachelors,System Analyst,11,116321,4,1,4,0,3
35,Operations,Masters,Operations Executive,14,58480,5,3,2,0,2
37,Finance,Masters,Accountant,6,78098,1,4,3,1,1
27,IT,Masters,System Analyst,3,69573,6,1,3,0,3
55,Finance,Bachelors,Finance Analyst,20,74600,6,3,1,0,1
38,Sales,Diploma,Sales Manager,5,110351,2,2,2,1,2
32,Finance,MBA,Finance Analyst,5,77531,2,4,4,1,1
33,Sales,Masters,Sales Manager,5,111692,1,3,2,0,2
26,HR,Diploma,HR Manager,1,62975,5,3,2,0,2
55,HR,Bachelors,HR Manager,2,86053,5,4,4,1,1
55,HR,Masters,HR Manager,30,106621,5,2,3,1,3
50,Sales,MBA,Sales Executive,13,38326,6,2,2,0,2
38,Finance,Diploma,Accountant,5,71371,2,3,4,1,1
58,Finance,Bachelors,Accountant,5,86497,6,1,3,1,3
46,Finance,Masters,Accountant,17,68821,1,2,1,0,1
31,Finance,Masters,Finance Analyst,10,110384,5,1,2,1,2
26,Finance,MBA,Accountant,1,72352,2,3,3,0,1
30,Operations,Diploma,Operations Manager,0,92036,5,4,2,1,2
37,HR,MBA,HR Manager,14,32895,3,3,2,0,2
56,HR,Diploma,HR Executive,12,96006,4,4,4,0,3
32,Finance,Bachelors,Accountant,1,71523,1,3,4,0,1
58,Operations,Bachelors,Operations Manager,1,108544,5,2,3,0,1
28,IT,Masters,System Analyst,3,106276,4,4,4,0,3
58,IT,MBA,Data Analyst,8,76017,5,3,2,0,2
41,Finance,MBA,Accountant,12,91909,6,2,4,0,3
46,Operations,Masters,Operations Manager,25,114954,3,3,1,0,1
58,Finance,Masters,Finance Analyst,4,92593,1,1,2,0,2
24,Finance,MBA,Finance Analyst,0,91620,1,1,4,0,1
34,Operations,Masters,Operations Executive,3,45368,2,4,2,0,2
45,IT,Masters,Data Scientist,15,74790,3,1,1,1,1
57,Operations,Masters,Operations Executive,9,98666,3,2,1,0,1
41,Sales,Diploma,Sales Manager,16,41731,2,2,2,0,2
46,Finance,Bachelors,Finance Analyst,13,106640,4,1,3,0,3
28,HR,Diploma,HR Executive,5,39438,2,2,4,1,1
43,HR,Masters,HR Manager,13,40965,3,1,3,0,3
35,IT,MBA,Data Scientist,5,115129,5,3,3,1,3
41,Finance,MBA,Accountant,9,56828,6,1,3,0,3
52,IT,Masters,System Analyst,30,113805,2,1,4,0,1
40,Operations,Masters,Operations Manager,17,36429,2,1,1,0,1
49,Operations,Diploma,Operations Executive,2,62137,2,1,4,0,1
23,Finance,Diploma,Finance Analyst,1,20313,1,1,1,0,1
56,Finance,Diploma,Finance Analyst,17,30944,3,1,4,1,3
55,Finance,Bachelors,Finance Analyst,27,89546,3,1,2,1,2
41,Finance,Bachelors,Accountant,13,66320,1,2,4,1,1
39,Operations,Bachelors,Operations Manager,8,101174,4,4,3,1,3
46,Finance,Diploma,Accountant,25,88720,1,4,1,0,1
51,HR,Diploma,HR Manager,13,70597,2,4,1,1,1
49,Operations,MBA,Operations Executive,18,74600,4,1,2,0,2
26,Operations,Masters,Operations Executive,4,32140,2,3,3,1,1
33,Finance,Masters,Finance Analyst,12,40922,2,3,3,1,1
38,HR,MBA,HR Executive,11,65732,3,2,3,0,3
37,HR,Bachelors,HR Executive,7,112802,4,2,4,1,3
54,IT,MBA,Data Scientist,15,34358,6,1,2,1,2
40,Operations,Masters,Operations Manager,6,117551,2,2,1,1,1
51,Operations,Bachelors,Operations Manager,28,111844,6,2,1,1,1
43,Operations,Masters,Operations Executive,22,109010,4,3,4,0,3
29,HR,Masters,HR Executive,0,81261,6,2,1,0,1
31,Finance,Masters,Finance Analyst,2,110595,1,3,2,0,2
24,IT,Masters,Data Analyst,1,33271,2,3,1,0,1
46,Finance,Diploma,Finance Analyst,13,57130,3,3,1,1,1
23,Operations,Bachelors,Operations Manager,0,88109,3,1,1,0,1
55,Sales,Diploma,Sales Manager,16,60572,2,3,2,1,2
53,Finance,MBA,Accountant,20,57757,2,3,3,1,1
47,Sales,Masters,Sales Executive,24,99755,3,2,2,0,2
25,Operations,Bachelors,Operations Manager,0,55683,3,3,4,0,1
22,HR,MBA,HR Manager,1,42493,4,4,3,1,1
31,Operations,MBA,Operations Executive,0,72851,3,4,3,0,1
56,Sales,Masters,Sales Executive,13,21253,5,2,3,1,3
55,IT,Bachelors,Data Analyst,33,84623,2,2,2,1,2
32,Sales,Masters,Sales Executive,8,38998,2,3,1,0,1
42,IT,MBA,Data Analyst,4,61935,3,2,3,1,3
49,IT,Masters,Data Scientist,12,79104,6,2,2,1,2
58,IT,MBA,System Analyst,6,74077,6,1,1,1,1
32,IT,Diploma,System Analyst,5,31351,3,3,4,1,3
48,IT,Bachelors,Data Analyst,5,26022,2,1,2,1,2
33,Finance,Diploma,Accountant,9,109653,3,2,3,1,3
24,Operations,Masters,Operations Executive,0,59419,5,3,4,0,1
25,IT,Diploma,Software Engineer,0,55614,4,4,1,1,1
48,Sales,Masters,Sales Executive,22,87382,1,1,3,1,1
26,Finance,Diploma,Accountant,0,45248,6,3,2,1,2
36,Operations,Masters,Operations Executive,15,72656,1,3,1,0,1
44,HR,Diploma,HR Manager,20,81436,1,4,1,0,1
26,Finance,Masters,Accountant,4,64702,6,1,3,1,3
25,HR,Masters,HR Manager,0,119753,2,3,2,1,2
53,Operations,MBA,Operations Executive,10,46317,1,4,1,1,1
52,Finance,Masters,Finance Analyst,2,25982,2,4,1,0,1
52,IT,Diploma,Data Analyst,27,46625,5,3,4,0,3
27,IT,Masters,System Analyst,5,77085,6,2,1,1,1
46,Finance,Bachelors,Finance Analyst,10,87310,4,4,2,1,2
58,Operations,Masters,Operations Manager,8,117801,5,3,1,1,1
48,Operations,Masters,Operations Executive,10,68212,3,4,4,1,3
47,Operations,Diploma,Operations Executive,2,38811,6,1,1,1,1
26,Operations,Bachelors,Operations Executive,2,70260,3,3,2,0,2
55,Finance,Bachelors,Finance Analyst,29,24918,4,3,2,1,2
27,IT,Bachelors,Data Scientist,0,51564,4,1,4,1,1
36,Operations,Masters,Operations Executive,10,110966,4,1,4,0,3
57,Finance,Diploma,Finance Analyst,10,111539,6,1,3,1,3
57,HR,Masters,HR Executive,24,90613,3,2,1,0,1
41,Sales,Bachelors,Sales Executive,17,32181,3,3,1,0,1
46,Sales,MBA,Sales Manager,25,45240,2,3,1,0,1
45,HR,MBA,HR Manager,21,48428,1,2,4,1,1
31,Operations,Bachelors,Operations Manager,3,61974,4,3,3,0,3
56,Finance,MBA,Finance Analyst,2,112158,4,3,4,0,1
42,IT,Masters,Software Engineer,8,39412,5,3,2,1,2
36,HR,Diploma,HR Executive,11,55099,3,4,1,0,1
53,Sales,Bachelors,Sales Executive,20,29704,2,4,1,1,1
40,Operations,Masters,Operations Manager,9,40122,3,1,2,0,2
42,Operations,Bachelors,Operations Manager,14,95358,6,2,3,1,3
30,Operations,Masters,Operations Manager,2,72276,3,4,2,1,2
57,Operations,Bachelors,Operations Executive,18,102948,5,1,1,1,1
45,HR,Masters,HR Manager,7,21876,6,1,1,0,1
25,HR,MBA,HR Manager,4,107878,2,3,3,0,1
50,Finance,MBA,Accountant,18,25712,2,2,2,1,2
27,IT,Diploma,System Analyst,4,119525,1,1,1,0,1
34,IT,Bachelors,Data Scientist,7,76259,2,3,2,1,2
50,Sales,Masters,Sales Executive,2,42108,4,2,2,0,2
34,HR,Bachelors,HR Executive,0,46004,1,2,4,0,1
45,Finance,Masters,Accountant,16,61935,5,4,1,0,1
36,Finance,Bachelors,Accountant,9,104327,6,1,3,1,3
27,Sales,MBA,Sales Executive,3,28801,4,1,3,1,3
46,IT,MBA,Software Engineer,22,29241,2,3,1,0,1
40,Finance,Bachelors,Finance Analyst,2,76997,3,4,3,1,1
42,Sales,MBA,Sales Executive,19,118782,1,1,4,0,1
34,IT,Bachelors,Software Engineer,2,88792,1,3,4,0,1
32,Operations,MBA,Operations Manager,9,99811,6,3,2,0,2
24,Sales,Bachelors,Sales Manager,0,93810,3,2,1,1,1
35,Finance,Masters,Accountant,1,86615,3,1,1,0,1
32,IT,Masters,Data Analyst,8,100677,3,3,4,0,3
58,IT,Bachelors,Data Scientist,5,118234,6,3,3,1,3
51,IT,MBA,Software Engineer,25,64675,1,3,1,0,1
23,Finance,MBA,Accountant,1,117430,1,2,2,1,2
29,Sales,MBA,Sales Manager,5,108911,2,3,1,1,1
36,IT,Masters,Software Engineer,4,115246,5,1,1,0,1
41,Operations,Masters,Operations Executive,18,36613,4,3,3,0,3
34,Operations,Diploma,Operations Executive,0,115921,4,2,4,0,1
33,Operations,Diploma,Operations Manager,8,72586,4,4,3,0,3
26,IT,Masters,Data Analyst,5,92730,6,2,3,1,3
52,Finance,Masters,Finance Analyst,10,61337,4,1,1,1,1
39,IT,Diploma,Software Engineer,13,87399,4,1,2,1,2
23,IT,MBA,Data Scientist,1,29067,5,4,4,1,1
38,Sales,MBA,Sales Manager,4,71727,5,3,1,0,1
36,Operations,Bachelors,Operations Executive,15,108386,1,4,3,1,1
53,HR,Masters,HR Manager,15,118689,5,3,2,0,2
30,Sales,Diploma,Sales Manager,0,66125,2,3,2,0,2
46,Sales,Bachelors,Sales Manager,20,108089,6,1,1,1,1
33,Sales,Bachelors,Sales Executive,11,108345,6,2,1,0,1
27,Finance,Masters,Finance Analyst,1,20418,3,2,4,0,1
58,Operations,Bachelors,Operations Executive,35,29969,4,2,4,1,3
57,Finance,Bachelors,Finance Analyst,7,115862,3,2,2,0,2
42,Finance,Bachelors,Accountant,13,22270,3,1,2,0,2
51,HR,Masters,HR Executive,15,59574,3,3,4,1,3
41,Operations,Bachelors,Operations Manager,10,51750,4,2,4,1,3
53,Operations,Masters,Operations Manager,16,33474,6,1,1,1,1
39,Operations,MBA,Operations Manager,2,101105,3,2,1,0,1
31,Sales,MBA,Sales Manager,10,67177,6,3,3,0,3
48,IT,Diploma,Software Engineer,25,94789,5,2,1,0,1
28,Finance,Masters,Finance Analyst,1,97293,3,3,2,0,2
41,Operations,Diploma,Operations Executive,6,62776,3,2,3,1,3
42,IT,Masters,Data Scientist,3,59269,3,2,1,0,1
50,Sales,Diploma,Sales Manager,0,91252,4,1,3,0,1
42,HR,Diploma,HR Manager,8,22690,6,4,2,1,2
35,Sales,Masters,Sales Executive,2,25920,6,1,2,1,2
49,HR,Diploma,HR Manager,7,78228,5,3,3,0,3
44,IT,Diploma,Software Engineer,1,76967,2,2,4,1,1
24,IT,MBA,System Analyst,1,85259,5,4,4,1,1
30,Sales,MBA,Sales Manager,1,73051,1,3,3,0,1
50,HR,Bachelors,HR Executive,5,79547,4,3,4,1,3
26,Finance,Masters,Finance Analyst,1,101197,3,4,3,0,1
41,Finance,Diploma,Accountant,2,113232,4,4,4,1,1
51,Operations,Masters,Operations Manager,19,103435,5,1,3,0,3
47,Operations,Diploma,Operations Executive,17,99992,1,2,4,0,1
28,Finance,MBA,Finance Analyst,6,49255,3,4,4,0,3
35,IT,Diploma,Data Analyst,5,96018,1,1,4,0,1
41,Finance,Diploma,Finance Analyst,10,49908,5,3,3,0,3
49,Sales,MBA,Sales Executive,26,113862,4,2,1,1,1
40,IT,Masters,Data Analyst,11,63903,2,1,2,0,2
23,Operations,MBA,Operations Manager,1,106400,2,4,4,1,1
25,IT,MBA,Software Engineer,1,79372,1,1,1,1,1
29,IT,Diploma,Data Analyst,2,71092,1,2,4,1,1
56,IT,Bachelors,Software Engineer,7,118353,2,1,2,1,2
23,HR,Masters,HR Executive,2,106009,1,1,3,1,1
50,IT,Bachelors,Data Analyst,10,71140,4,2,1,1,1
25,Sales,Bachelors,Sales Manager,1,60647,5,3,3,1,1
48,Sales,Masters,Sales Manager,4,79567,1,1,4,0,1
33,IT,MBA,System Analyst,9,99490,5,3,1,1,1
58,Operations,Masters,Operations Manager,6,106739,6,2,1,0,1
36,Operations,Bachelors,Operations Executive,13,103538,6,4,1,1,1
24,Operations,Bachelors,Operations Executive,2,105638,4,2,3,1,1
43,Finance,Diploma,Accountant,17,62733,3,3,4,0,3
42,HR,Diploma,HR Executive,12,28222,3,1,2,1,2
34,Finance,Bachelors,Finance Analyst,4,118961,1,1,3,1,1
26,Sales,Diploma,Sales Manager,1,103489,6,1,2,1,2
35,HR,MBA,HR Executive,13,46553,5,3,3,0,3
22,Sales,MBA,Sales Manager,0,35916,4,4,4,1,1
46,Sales,Diploma,Sales Manager,13,24443,4,1,3,1,3
37,Sales,Masters,Sales Executive,6,28559,5,3,2,0,2
28,IT,MBA,Data Scientist,6,75373,1,2,4,0,1
23,HR,Bachelors,HR Manager,0,119580,1,4,3,0,1
26,IT,Diploma,Software Engineer,5,117193,1,2,3,0,1
56,HR,MBA,HR Manager,10,118006,5,2,4,1,3
54,Operations,Diploma,Operations Executive,6,96111,2,1,2,1,2
27,Sales,Bachelors,Sales Executive,5,95300,2,1,2,0,2
43,Sales,MBA,Sales Manager,3,92011,3,1,4,0,3
24,IT,MBA,Software Engineer,0,62478,1,1,1,1,1
49,Sales,Masters,Sales Manager,0,20991,1,2,1,0,1
31,Sales,Bachelors,Sales Manager,10,100935,4,4,4,1,3
55,Finance,Bachelors,Finance Analyst,34,39491,3,2,1,0,1
27,Operations,MBA,Operations Manager,5,37988,4,3,3,1,3
23,HR,Bachelors,HR Executive,2,96242,3,3,1,1,1
43,Sales,MBA,Sales Manager,17,68825,5,3,3,1,3
49,HR,Diploma,HR Manager,16,94934,1,3,4,1,1
39,Sales,Masters,Sales Executive,8,44303,3,3,4,0,3
41,IT,Masters,Data Analyst,5,20477,2,1,2,0,2
55,Operations,MBA,Operations Executive,29,81718,3,1,2,1,2
39,Finance,Diploma,Accountant,5,97914,5,2,2,1,2
52,Operations,Diploma,Operations Executive,15,69239,2,1,4,1,1
30,Operations,MBA,Operations Executive,8,57526,1,4,4,1,1
35,HR,MBA,HR Manager,10,40231,1,3,3,0,1
40,Sales,Masters,Sales Manager,16,40551,4,1,2,0,2
31,Operations,Bachelors,Operations Executive,5,73196,2,2,3,0,1
25,IT,Bachelors,Data Analyst,2,34774,1,4,1,0,1
37,IT,Bachelors,System Analyst,4,116298,5,2,1,1,1
32,Operations,Masters,Operations Executive,2,101461,1,4,3,0,1
38,IT,MBA,System Analyst,0,76186,4,2,3,0,1
51,Operations,MBA,Operations Executive,20,43357,4,2,1,0,1
24,Finance,MBA,Accountant,2,94251,1,3,1,1,1
53,HR,Bachelors,HR Executive,21,53369,2,3,4,1,1
44,Finance,Bachelors,Accountant,8,111885,6,1,4,1,3
25,IT,Masters,System Analyst,4,67202,1,3,2,0,2
38,IT,Masters,Software Engineer,13,54817,2,3,3,0,1
45,Operations,Masters,Operations Manager,19,45378,5,2,2,1,2
41,HR,Masters,HR Executive,19,64499,6,4,4,0,3
41,Sales,Diploma,Sales Executive,8,94876,3,3,4,1,3
57,IT,Bachelors,System Analyst,19,100215,6,3,1,0,1
53,Sales,MBA,Sales Manager,9,78451,4,2,3,1,3
50,HR,Masters,HR Manager,0,55059,1,4,1,0,1
34,HR,Masters,HR Executive,8,113592,2,4,1,1,1
35,Sales,Diploma,Sales Executive,2,62795,2,1,3,1,1
42,Sales,MBA,Sales Manager,20,83979,4,3,4,1,3
23,Sales,Masters,Sales Manager,1,104230,6,2,3,1,1
48,Operations,Masters,Operations Manager,16,103301,1,2,3,0,1
27,Operations,Bachelors,Operations Manager,4,37706,5,3,2,0,2
25,Sales,Diploma,Sales Manager,0,64068,3,4,2,0,2
48,Sales,Masters,Sales Manager,27,27741,5,2,2,1,2
51,Operations,Diploma,Operations Manager,18,27387,2,3,3,0,1
24,HR,Diploma,HR Manager,0,116138,2,3,3,0,1
28,Operations,Masters,Operations Manager,4,54487,4,1,4,0,3
54,Sales,Bachelors,Sales Manager,1,110285,5,2,1,0,1
40,HR,Diploma,HR Executive,17,27091,4,1,3,0,3
51,HR,Diploma,HR Manager,0,115349,2,2,3,0,1
54,HR,MBA,HR Executive,29,105233,6,3,3,1,3
57,Sales,Bachelors,Sales Manager,7,39877,1,2,3,0,1
58,Finance,MBA,Accountant,17,82699,5,3,2,0,2
34,IT,Bachelors,System Analyst,1,40033,3,2,2,1,2
55,Sales,Diploma,Sales Executive,28,119922,6,3,3,0,3
58,HR,Bachelors,HR Executive,1,78637,4,2,3,0,1
31,Sales,Masters,Sales Executive,6,101468,2,2,3,1,1
36,HR,Masters,HR Manager,14,35450,6,3,1,0,1
51,Operations,Bachelors,Operations Manager,28,31972,4,2,2,0,2
48,IT,MBA,Data Analyst,7,72807,6,1,1,0,1
35,Finance,Bachelors,Finance Analyst,2,39465,2,1,2,1,2
32,Finance,Bachelors,Finance Analyst,8,79822,6,2,3,0,3
37,HR,MBA,HR Executive,14,75436,6,4,3,1,3
53,Operations,Masters,Operations Manager,11,95650,1,2,4,0,1
48,Sales,Bachelors,Sales Manager,6,40223,1,1,1,0,1
30,HR,MBA,HR Executive,5,97662,5,3,2,1,2
36,IT,Masters,Data Scientist,1,59288,6,4,2,0,2
41,Operations,Bachelors,Operations Executive,1,54313,3,2,2,0,2
23,Sales,MBA,Sales Manager,2,67165,1,3,2,0,2
37,HR,Masters,HR Manager,16,109122,5,3,4,0,3
56,Operations,Diploma,Operations Executive,8,82916,6,4,2,1,2
55,HR,Bachelors,HR Manager,24,66119,3,4,1,1,1
35,Operations,MBA,Operations Manager,11,93933,2,1,4,0,1
56,Operations,Bachelors,Operations Manager,26,95838,3,3,2,0,2
55,Sales,Bachelors,Sales Executive,25,103323,4,3,2,1,2
46,Operations,Diploma,Operations Executive,1,34908,3,2,3,1,1
45,Operations,MBA,Operations Manager,6,81273,2,4,2,1,2
47,IT,Masters,Data Analyst,3,34676,3,1,4,1,3
45,Sales,MBA,Sales Executive,3,110717,4,1,2,1,2
26,Sales,Masters,Sales Executive,1,103025,4,1,2,1,2
45,Operations,Masters,Operations Executive,12,68108,3,4,3,0,3
40,Finance,Diploma,Finance Analyst,11,24285,3,1,1,0,1
39,Sales,Masters,Sales Manager,5,72827,5,3,4,1,3
25,Sales,MBA,Sales Manager,4,69367,6,4,1,0,1
46,Finance,Masters,Accountant,24,92161,3,4,3,1,3
31,IT,Diploma,System Analyst,10,34063,4,1,4,1,3
51,Finance,Bachelors,Accountant,25,72491,6,4,2,0,2
35,Finance,MBA,Finance Analyst,5,81360,4,1,4,1,3
31,IT,Masters,Data Scientist,0,92579,1,2,2,0,2
54,Finance,Masters,Finance Analyst,27,34330,4,1,4,1,3
58,IT,Masters,Data Scientist,33,110050,5,2,4,0,3
26,IT,Masters,System Analyst,3,21949,5,1,1,1,1
31,IT,Masters,System Analyst,3,108996,3,3,2,1,2
50,Operations,Diploma,Operations Executive,8,28312,4,3,1,1,1
53,HR,Masters,HR Executive,1,63146,6,1,1,1,1
26,HR,Masters,HR Executive,2,89549,6,1,1,1,1
37,Finance,Bachelors,Accountant,6,63959,4,3,1,1,1
54,Operations,Diploma,Operations Executive,11,79335,5,2,1,1,1
52,Finance,Masters,Finance Analyst,12,59802,1,3,4,1,1
22,Operations,Diploma,Operations Executive,1,50728,4,3,2,1,2
39,IT,Diploma,Software Engineer,5,63971,4,1,3,1,3
31,IT,MBA,Data Analyst,8,111043,6,2,1,1,1
58,HR,Diploma,HR Manager,4,93998,5,1,4,0,3
44,Sales,MBA,Sales Executive,5,61207,6,3,3,0,3
54,Operations,Bachelors,Operations Executive,26,61583,3,1,3,1,3
53,Sales,Bachelors,Sales Executive,26,32152,4,4,2,0,2
58,Finance,MBA,Finance Analyst,15,70484,1,1,3,1,1
55,Sales,Bachelors,Sales Executive,2,79256,6,3,3,1,1
47,IT,Masters,System Analyst,22,39469,3,4,1,0,1
40,Operations,MBA,Operations Executive,13,83688,4,1,1,1,1
51,Operations,MBA,Operations Manager,9,21529,3,1,2,0,2
46,IT,Diploma,Data Analyst,7,100898,3,4,1,0,1
57,Sales,Diploma,Sales Executive,23,60341,5,4,1,0,1
23,IT,Diploma,Data Scientist,2,28691,1,2,3,0,1
24,Operations,Masters,Operations Manager,3,62934,2,2,4,0,1
33,Sales,Diploma,Sales Executive,12,115415,2,3,1,1,1
36,Sales,MBA,Sales Manager,8,28760,1,3,2,1,2
57,Sales,Bachelors,Sales Executive,32,47342,6,1,1,0,1
56,Operations,Diploma,Operations Executive,12,21675,5,4,3,0,3
40,Operations,Masters,Operations Executive,19,50393,1,3,1,0,1
33,Finance,Diploma,Finance Analyst,9,51639,6,3,4,1,3
58,Finance,MBA,Finance Analyst,9,88704,2,1,2,0,2
48,HR,Masters,HR Manager,26,32985,2,3,2,0,2
36,Finance,Masters,Accountant,0,84073,1,2,3,0,1
50,Sales,Bachelors,Sales Manager,7,49223,2,2,2,0,2
52,IT,Diploma,Data Scientist,19,112218,5,3,2,0,2
54,IT,Masters,Data Scientist,27,33928,5,1,3,1,3
49,Finance,MBA,Finance Analyst,15,59005,3,3,3,1,3
48,Sales,MBA,Sales Manager,10,87236,1,2,1,1,1
58,HR,Masters,HR Manager,11,56976,4,3,3,1,3
35,IT,MBA,Data Scientist,5,91478,4,2,1,1,1
22,HR,MBA,HR Manager,0,66744,1,1,1,1,1
48,Finance,MBA,Accountant,23,80796,4,3,4,0,3
45,HR,Bachelors,HR Manager,16,87827,2,2,4,1,1
40,IT,Diploma,Data Scientist,17,119820,6,4,3,0,3
22,Finance,Bachelors,Accountant,1,25426,1,2,3,0,1
47,HR,Masters,HR Manager,19,30843,5,3,4,0,3
25,Finance,Diploma,Accountant,4,93581,6,1,1,1,1
46,Operations,Masters,Operations Executive,23,76438,5,3,4,0,3
58,HR,Bachelors,HR Executive,2,55776,4,3,3,0,1
53,Finance,Masters,Accountant,5,29785,5,4,2,1,2
37,Finance,Masters,Finance Analyst,2,88851,5,2,1,0,1
34,Operations,Bachelors,Operations Manager,7,31845,1,2,2,1,2
24,Sales,Diploma,Sales Manager,1,101104,5,1,2,0,2
34,IT,Bachelors,System Analyst,5,38365,1,2,3,0,1
34,Sales,MBA,Sales Manager,6,92097,5,1,2,0,2
49,HR,Diploma,HR Manager,2,93134,4,1,1,1,1
25,Sales,Bachelors,Sales Manager,4,98030,6,4,2,1,2
45,Finance,Bachelors,Finance Analyst,7,75867,4,3,1,1,1
29,IT,Masters,Software Engineer,8,82656,5,3,4,0,3
56,Operations,MBA,Operations Manager,1,77713,2,2,2,1,2
42,Operations,Masters,Operations Executive,7,40439,5,1,1,1,1
25,Sales,Masters,Sales Executive,0,39172,1,3,1,1,1
49,Operations,Masters,Operations Manager,28,49570,2,2,4,0,1
48,IT,MBA,Software Engineer,0,43935,2,3,3,0,1
38,IT,MBA,Data Analyst,9,54866,3,3,3,1,3
26,Finance,Masters,Accountant,0,99741,5,4,1,0,1
39,Operations,Diploma,Operations Manager,6,46340,3,2,1,0,1
29,HR,MBA,HR Executive,4,75243,1,2,4,0,1
26,Operations,Diploma,Operations Executive,3,29755,3,2,4,1,3
47,IT,Diploma,System Analyst,0,109994,2,1,1,1,1
49,HR,MBA,HR Executive,0,66470,4,3,3,1,1
51,Operations,Bachelors,Operations Manager,15,24382,4,1,4,0,3
24,IT,Bachelors,System Analyst,0,64620,4,2,3,0,1
48,Operations,Masters,Operations Executive,5,70974,1,4,3,1,1
40,Finance,Masters,Finance Analyst,15,45720,5,4,1,0,1
22,IT,Bachelors,Data Analyst,0,116751,5,1,2,0,2
29,Finance,Masters,Finance Analyst,0,77007,6,3,1,1,1
44,HR,Bachelors,HR Manager,10,77869,2,1,4,0,1
41,IT,Bachelors,Software Engineer,13,52513,6,3,2,1,2
39,Finance,Diploma,Finance Analyst,15,73725,4,1,2,1,2
39,HR,Masters,HR Manager,13,68914,6,1,4,0,3
49,Operations,Masters,Operations Manager,6,29004,1,3,1,1,1
46,Operations,Bachelors,Operations Executive,12,108785,4,4,3,1,3
39,Operations,MBA,Operations Executive,12,56591,4,2,3,0,3
55,Finance,Diploma,Accountant,5,78055,3,2,1,1,1
34,Finance,MBA,Accountant,1,97595,1,1,1,0,1
41,Sales,MBA,Sales Manager,18,26014,2,3,4,0,1
43,Finance,Diploma,Finance Analyst,7,56670,5,2,2,0,2
33,HR,Diploma,HR Executive,11,65877,2,1,1,0,1
53,Operations,MBA,Operations Executive,24,54990,6,1,4,0,3
44,Finance,Diploma,Accountant,5,51349,6,1,3,1,3
50,Finance,Diploma,Finance Analyst,20,116572,2,3,3,1,1
37,Sales,MBA,Sales Executive,14,60351,6,1,2,1,2
25,HR,Diploma,HR Manager,3,91659,3,3,1,0,1
49,Sales,Masters,Sales Executive,22,27684,3,3,3,1,3
30,Operations,MBA,Operations Executive,7,89989,6,1,1,1,1
53,IT,Bachelors,Software Engineer,16,32274,1,4,1,0,1
43,HR,MBA,HR Manager,20,47669,5,1,3,0,3
56,Operations,Masters,Operations Executive,10,85206,4,2,2,1,2
53,Operations,MBA,Operations Executive,5,37960,4,3,3,1,3
26,IT,Bachelors,Software Engineer,2,104664,2,3,3,1,1
